Cinnamon Rolls, 15.00, 30, 10, flour, 3, egg, 3, butter, 3, milk, 3, sugar, 3, cinnamon, 3
Apple Pie, 20.00, 45, 15, apple, 3, sugar, 3, flour, 3, butter, 3, milk, 3, honey, 3
Cookies, 17.25, 20, 10, flour, 3, sugar, 3, egg, 3, butter, 3, milk, 3, chocolate chips, 3
Chocolate Cupcakes, 15.75, 25, 15, flour, 3, sugar, 3, egg, 3, cocoa, 3, milk, 3, butter, 3
Donuts, 12.00, 40, 10, flour, 3, sugar, 3, egg, 3, milk, 3, butter, 3
Croissant, 12.00, 35, 15, flour, 3, egg, 3, butter, 3, milk, 3, sugar, 3
Brownies, 15.75, 30, 20, flour, 3, sugar, 3, egg, 3, cocoa, 3, butter, 3, milk, 3
Carrot Cake, 17.25, 50, 25, flour, 3, sugar, 3, egg, 3, carrot, 3, nuts, 3
Caramel Flan, 13.75, 60, 30, sugar, 3, eggs, 3, milk, 3, vanilla extract, 1, caramel sauce, 3
Banana Muffins, 10.25, 30, 10, flour, 2, eggs, 2, butter, 1, milk, 2, sugar, 2, cinnamon, 1, banana, 3, vanilla extract, 1